Model,Accuracy,F1 Score (Macro),Inference Time (ms/img),Parameters (M)
ResNet-18 (Colab),0.6804878048780488,0.3945476216942468,1.222575733647544,11.178564
ViT (Colab),0.6951219512195121,0.4031300868429967,0.7621546292446069,85.801732
