Model,Accuracy,F1 Score (Macro),Inference Time (ms/img),Parameters (M)
VIT,0.6729559748427673,0.62223394571334,87.06919454759166,85.800963
RESNET,0.6792452830188679,0.6443984922091401,10.530648260347304,11.178051
